business_name,phone,website,location,industry,email,score,status
"Master Maintenance","(504) 319-2092","Open Website","","STRICT_BUSINESS","",70,"new"
"C.W. Briscoe Roofing & Construction","(337) 761-6441","Open Website","","STRICT_BUSINESS","",70,"new"
"Magnon Electric, Inc","(337) 233-9871","Open Website","","STRICT_BUSINESS","",70,"new"
"Home 360","(225) 926-4663","Open Website","","STRICT_BUSINESS","",70,"new"
"Brewster Law Firm LLC","(504) 717-4971","Open Website","","STRICT_BUSINESS","",70,"new"
"Feucht Law Firm","(337) 466-4424","Open Website","","STRICT_BUSINESS","",70,"new"
"Pintail Roofing, LLC","(318) 226-7663","Open Website","","STRICT_BUSINESS","",70,"new"
"Triton Roofing","(504) 264-7770","Open Website","","STRICT_BUSINESS","",70,"new"
"Frischhertz","(504) 482-1146","Open Website","","STRICT_BUSINESS","",70,"new"
"214Faded","(469) 890-5811","Open Link","","MICROBUSINESS","",70,"new"
"B.Hair Braiding","(214) 566-1152","Open Link","","MICROBUSINESS","",70,"new"
"Blink’n & Tippin Studios","(469) 465-9377","Open Link","","MICROBUSINESS","",70,"new"
"Bonnet B’ Gone","(469) 465-5215","Open Link","","MICROBUSINESS","",70,"new"
"Braids by anointed hands","(351) 356-6175","Open Link","","MICROBUSINESS","",70,"new"
"BriAliahBeautyBar","(945) 201-4390","Open Link","","MICROBUSINESS","",70,"new"
"Bryanmess_cutz","(817) 217-1986","Open Link","","MICROBUSINESS","",70,"new"
"Cesar Barber","(903) 706-6780","Open Link","","MICROBUSINESS","",70,"new"
"Checkmate The Barber","(469) 554-6039","Open Link","","MICROBUSINESS","",70,"new"
"Denny’s Dolls","(945) 545-1260","Open Link","","MICROBUSINESS","",70,"new"
"Deon Da Barber","(469) 984-0194","Open Link","","MICROBUSINESS","",70,"new"
"Deshundra's Hair Studio","(214) 486-0036","Open Link","","MICROBUSINESS","",70,"new"
"Djtazdabarber","(504) 295-0780","Open Link","","MICROBUSINESS","",70,"new"
"DougThaBarber💈","(682) 324-1066","Open Link","","MICROBUSINESS","",70,"new"
"Drip the Barber","(469) 395-1768","Open Link","","MICROBUSINESS","",70,"new"
"Estilista cubana Studio dallas","(945) 323-7214","Open Link","","MICROBUSINESS","",70,"new"
"Flash_da_barber","(786) 768-1104","Open Link","","MICROBUSINESS","",70,"new"
"Ify’s Locs & Twists","(972) 897-2791","Open Link","","MICROBUSINESS","",70,"new"
"J'S Undoing Braids & Extensions Takedown","(972) 626-1153","Open Link","","MICROBUSINESS","",70,"new"
"karenncutz","(214) 934-9748","Open Link","","MICROBUSINESS","",70,"new"
"Laced with Glam","(817) 200-6830","Open Link","","MICROBUSINESS","",70,"new"
"LadyLocs","(901) 628-0970","Open Link","","MICROBUSINESS","",70,"new"
"Larro Cuts💈✔️","(612) 237-0039","Open Link","","MICROBUSINESS","",70,"new"
"Luxxxs By Shanel","(404) 450-3660","Open Link","","MICROBUSINESS","",70,"new"
"Manny Blendz","(972) 741-7679","Open Link","","MICROBUSINESS","",70,"new"
"MiCHaEL AnGeLO BaRbeR(Miguel)","(972) 768-9455","Open Link","","MICROBUSINESS","",70,"new"
"Nailgeniedfw","(817) 968-8669","Open Link","","MICROBUSINESS","",70,"new"
"Nailsbymvd","(945) 394-5356","Open Link","","MICROBUSINESS","",70,"new"
"NAL Studio(nails&lashes)","(817) 839-2994","Open Link","","MICROBUSINESS","",70,"new"
"Paonails","(630) 524-1000","Open Link","","MICROBUSINESS","",70,"new"
"Priceless Braids","(469) 216-0596","Open Link","","MICROBUSINESS","",70,"new"
"Q Beauté Hair and Nails","(469) 740-6483","Open Link","","MICROBUSINESS","",70,"new"
"Rob The Barber","(945) 321-2154","Open Link","","MICROBUSINESS","",70,"new"
"Shay's Hair & Braids","(214) 564-7141","Open Link","","MICROBUSINESS","",70,"new"
"Slayyedbynaae","(214) 783-6264","Open Link","","MICROBUSINESS","",70,"new"
"softies.alyy","(214) 682-0496","Open Link","","MICROBUSINESS","",70,"new"
"Soto nails","(917) 951-2418","Open Link","","MICROBUSINESS","",70,"new"
"Spellbound Nail Art","(817) 230-3941","Open Link","","MICROBUSINESS","",70,"new"
"Stylesbydupe","(214) 881-5266","Open Link","","MICROBUSINESS","",70,"new"
"Tha Kut Gallery","(504) 813-7853","Open Link","","MICROBUSINESS","",70,"new"
"The JAI MADISON Experience","(469) 796-6794","Open Link","","MICROBUSINESS","",70,"new"
"The Kutting Edge Grooming & Styling Company","(214) 434-4282","Open Link","","MICROBUSINESS","",70,"new"
"TheBarberBc","(682) 701-6923","Open Link","","MICROBUSINESS","",70,"new"
"TheSalon972.com","(972) 685-2106","Open Link","","MICROBUSINESS","",70,"new"
"Tony Cuttz Master Barber","(214) 779-8493","Open Link","","MICROBUSINESS","",70,"new"
"TrillFadez","(214) 229-0850","Open Link","","MICROBUSINESS","",70,"new"
"Willi Barber","(469) 328-7284","Open Link","","MICROBUSINESS","",70,"new"
"YepSheBraids","(469) 918-9848","Open Link","","MICROBUSINESS","",70,"new"
"💈Legacy.67 Barber Room💈","(214) 271-7622","Open Link","","MICROBUSINESS","",70,"new"
"Chocolatestyles","(214) 434-9101","Open Link","","MICROBUSINESS","",70,"new"
"Sabrinaxnail","(469) 901-0244","Open Link","","MICROBUSINESS","",70,"new"
"Decuir, Clark & Adams, LLP Attorneys at Law","(225) 346-8716","Open Website","","STRICT_BUSINESS","",50,"new"
"Malone Electrical Services","(504) 288-4000","Open Website","","STRICT_BUSINESS","",50,"new"
"James C. Keller, Jr. DDS","(225) 769-3352","Open Website","","STRICT_BUSINESS","",50,"new"
"Expert Pest Services","(225) 315-0097","Open Website","","STRICT_BUSINESS","",50,"new"
"Martz Construction","(504) 417-6524","Open Website","","STRICT_BUSINESS","",50,"new"
"Ford Roofing Service","(337) 984-5130","Open Website","","STRICT_BUSINESS","",50,"new"
"H & M Termite and Pest Control","(504) 887-2982","Open Website","","STRICT_BUSINESS","",50,"new"
"A&P Electrical Service, Inc.","(800) 914-8380","Open Website","","STRICT_BUSINESS","",50,"new"
"Fleur De Lis Roofing","(504) 470-0827","Open Website","","STRICT_BUSINESS","",50,"new"
"Deluxe Pest Control","(504) 837-5800","Open Website","","STRICT_BUSINESS","",50,"new"
"Dial One Franklynn Pest Control","(504) 885-3101","Open Website","","STRICT_BUSINESS","",50,"new"
"Above All Construction, LLC","(504) 446-3271","Open Website","","STRICT_BUSINESS","",50,"new"
"Roofing Louisiana","(337) 993-0584","Open Website","","STRICT_BUSINESS","",50,"new"
"Godwyn Realty","(504) 826-8426","Open Website","","STRICT_BUSINESS","",50,"new"
"Rain Pro Roofing","(318) 751-7663","Open Website","","STRICT_BUSINESS","",50,"new"
"Walter's Construction","(225) 955-0439","Open Website","","STRICT_BUSINESS","",50,"new"
"Burford Roofing & Construction","(337) 412-7540","Open Website","","STRICT_BUSINESS","",50,"new"
"Mackie One","(504) 821-1530","Open Website","","STRICT_BUSINESS","",50,"new"
"RPC Pest Solutions","(985) 345-6680","Open Website","","STRICT_BUSINESS","",50,"new"
"A & M Contractors LLC","(225) 622-9007","Open Website","","STRICT_BUSINESS","",50,"new"
"Audubon Pest Control","(504) 734-2007","Open Website","","STRICT_BUSINESS","",50,"new"
"Hub City Home Improvement & Roofing","(337) 626-4663","Open Website","","STRICT_BUSINESS","",50,"new"
"Roof Crafters","(888) 846-1558","Open Website","","STRICT_BUSINESS","",50,"new"
"Brans Pest Control, LLC","(504) 392-3030","Open Website","","STRICT_BUSINESS","",50,"new"
"G&S Electric LLC","(318) 424-8100","Open Website","","STRICT_BUSINESS","",50,"new"
"Kwatt Electric","(225) 247-1016","Open Website","","STRICT_BUSINESS","",50,"new"
"Roof Repair Squad","(832) 225-4593","Open Website","","STRICT_BUSINESS","",50,"new"
"Arceneaux Electrical Service, LLC","(337) 501-9084","Open Website","","STRICT_BUSINESS","",50,"new"
"Armstrong Tree Service","(504) 405-1366","Open Website","","STRICT_BUSINESS","",50,"new"
"Risk Tree Service","(504) 667-3650","Open Website","","STRICT_BUSINESS","",50,"new"
"Yeah Trees","(504) 481-7194","Open Website","","STRICT_BUSINESS","",50,"new"
"Benton Tree Service","(504) 323-5533","Open Website","","STRICT_BUSINESS","",50,"new"
"Priority Roofing","(318) 202-2123","Open Website","","STRICT_BUSINESS","",50,"new"
"Magnolia Roofing","(985) 200-4812","Open Website","","STRICT_BUSINESS","",50,"new"
"Roofs Restored","(833) 766-3969","Open Website","","STRICT_BUSINESS","",50,"new"
"Schwander Hutchinson Roofing, Inc.","(504) 248-5922","Open Website","","STRICT_BUSINESS","",50,"new"
"SteadFast Electric","(225) 364-9218","Open Website","","STRICT_BUSINESS","",50,"new"
"Edwards Law Firm Attorneys at Law","(337) 237-6881","Open Website","","STRICT_BUSINESS","",50,"new"
"Koederitz Law Firm, LLC","(225) 295-9494","Open Website","","STRICT_BUSINESS","",50,"new"
"Law Office of Ty Marchand","(225) 888-3318","Open Website","","STRICT_BUSINESS","",50,"new"
"Attorney Todd M. Johnson","(318) 222-4444","Open Website","","STRICT_BUSINESS","",50,"new"
"E Eric Guirard Injury Lawyers","(844) 833-3003","Open Website","","STRICT_BUSINESS","",50,"new"
"Favret Carriere Cronvich, LLC","(504) 383-8978","Open Website","","STRICT_BUSINESS","",50,"new"
"Duncan Law Firm","(225) 341-7187","Open Website","","STRICT_BUSINESS","",50,"new"
"Frederick Law Firm","(337) 269-5143","Open Website","","STRICT_BUSINESS","",50,"new"
"Gilmer & Giglio","(318) 459-9111","Open Website","","STRICT_BUSINESS","",50,"new"
"Keaty & Tilly, LLC Attorneys at Law","(337) 347-8995","Open Website","","STRICT_BUSINESS","",50,"new"
"Lambert Zainey Smith & Soso","(504) 581-1750","Open Website","","STRICT_BUSINESS","",50,"new"
"The Robinson Law Firm LLC","(225) 800-3370","Open Website","","STRICT_BUSINESS","",50,"new"
"Rice Law Firm","(318) 861-8661","Open Website","","STRICT_BUSINESS","",50,"new"
"The Law Office of Venese M. Morgan, LLC","(225) 310-1110","Open Website","","STRICT_BUSINESS","",50,"new"
"McCorvey Law, LLC","(337) 291-2431","Open Website","","STRICT_BUSINESS","",50,"new"
"Rachel M. Beyer, DDS","(225) 922-9540","Open Website","","STRICT_BUSINESS","",50,"new"
"Burbank Family Dental","(337) 451-4636","Open Website","","STRICT_BUSINESS","",50,"new"
"Oak Family Dental","(504) 834-6410","Open Website","","STRICT_BUSINESS","",50,"new"
"Camenzuli Dental Excellence","(504) 584-4225","Open Website","","STRICT_BUSINESS","",50,"new"
"Al’s Pest Control Service, Inc.","(504) 368-5927","Open Website","","STRICT_BUSINESS","",50,"new"
"Kenny Habetz Injury Law","(337) 399-9000","Open Website","","STRICT_BUSINESS","",50,"new"
"Appleton Prosthodontics","(225) 291-6221","Open Website","","STRICT_BUSINESS","",50,"new"
"The Law Offices of James Kirk Piccione","(337) 233-9030","Open Website","","STRICT_BUSINESS","",50,"new"
"Allan Berger & Associates Attorneys at Law","(504) 618-1597","Open Website","","STRICT_BUSINESS","",50,"new"
"Law Offices of John S. Williams, LLC","(504) 486-0300","Open Website","","STRICT_BUSINESS","",50,"new"
"Fini Firm","(225) 444-5587","Open Website","","STRICT_BUSINESS","",50,"new"
"Carroll Bradford Lawn & Pest","(407) 842-5296","Open Website","","STRICT_BUSINESS","",50,"new"
"LA Roofing Services","(424) 444-0447","Open Website","","STRICT_BUSINESS","",50,"new"
"Prichard Tree Care","(817) 284-8307","Open Website","","STRICT_BUSINESS","",50,"new"
"ProGuard Solutions Group","(407) 504-0808","Open Website","","STRICT_BUSINESS","",50,"new"
"Burt Barr & Associates, L.L.P.","(214) 943-0012","Open Website","","STRICT_BUSINESS","",50,"new"
"Olson Electric Service","(972) 709-4999","Open Website","","STRICT_BUSINESS","",50,"new"
"Top Tree Service Company","(678) 916-6040","Open Website","","STRICT_BUSINESS","",50,"new"
"Time Electrical Services","(407) 600-6632","Open Website","","STRICT_BUSINESS","",50,"new"
"N. Sandy Epstein Attorney at Law","(404) 739-5000","Open Website","","STRICT_BUSINESS","",50,"new"
"A What About Bobs Tree Service?","(407) 260-1579","Open Website","","STRICT_BUSINESS","",50,"new"
"Blue Star Electric","(404) 234-6777","Open Website","","STRICT_BUSINESS","",50,"new"
"Exterior Armor Construction","(770) 490-8924","Open Website","","STRICT_BUSINESS","",50,"new"
"West LA Electric","(310) 313-2400","Open Website","","STRICT_BUSINESS","",50,"new"
"Merck Law, LLC","(404) 507-2462","Open Website","","STRICT_BUSINESS","",50,"new"
"Shrestha Law Firm, PLLC","(212) 625-3394","Open Website","","STRICT_BUSINESS","",50,"new"
"Swiren & Witzleb, PLLC","(480) 504-1696","Open Website","","STRICT_BUSINESS","",50,"new"
"Wesley Heath","(214) 680-7771","Open Website","","STRICT_BUSINESS","",50,"new"
"A Seed in Time Tree Service","(866) 223-4896","Open Website","","STRICT_BUSINESS","",50,"new"
"CNI Electric","(407) 440-3627","Open Website","","STRICT_BUSINESS","",50,"new"
"Kelly Young Electric Inc.","(214) 725-0212","Open Website","","STRICT_BUSINESS","",50,"new"
"AAA Expert Roofing","(800) 377-5505","Open Website","","STRICT_BUSINESS","",50,"new"
"Century Roofing 3 Generations","(818) 896-4351","Open Website","","STRICT_BUSINESS","",50,"new"
"Roof It Right Inc.","(702) 791-2475","Open Website","","STRICT_BUSINESS","",50,"new"
"Beetles-Termite Pest Control Company","(310) 516-1820","Open Website","","STRICT_BUSINESS","",50,"new"
"Best Price Tree Service","(678) 510-0172","Open Website","","STRICT_BUSINESS","",50,"new"
"Redmond & Eiland, PLLC","(469) 301-2400","Open Website","","STRICT_BUSINESS","",50,"new"
"WiredTaz Electrical Services","(214) 542-5705","Open Website","","STRICT_BUSINESS","",50,"new"
"Expert Organics","(214) 334-1927","Open Website","","STRICT_BUSINESS","",50,"new"
"Floss Dental & Orthodontics","(702) 803-1798","Open Website","","STRICT_BUSINESS","",50,"new"
"Modern Concepts Contracting","(888) 557-7506","Open Website","","STRICT_BUSINESS","",50,"new"
"Abe’s Electric","(407) 343-0220","Open Website","","STRICT_BUSINESS","",50,"new"
"Artic Pest Control, Inc.","(407) 443-7612","Open Website","","STRICT_BUSINESS","",50,"new"
"Bell Electric","(770) 442-9292","Open Website","","STRICT_BUSINESS","",50,"new"
"Brooker Electric","(770) 367-6377","Open Website","","STRICT_BUSINESS","",50,"new"
"California Pest Management","(866) 985-2847","Open Website","","STRICT_BUSINESS","",50,"new"
"Gemco Electric","(407) 273-2204","Open Website","","STRICT_BUSINESS","",50,"new"
"Hancock Tree Service","(407) 270-0255","Open Website","","STRICT_BUSINESS","",50,"new"
"Mark J Veigl, DDS","(206) 382-0461","Open Website","","STRICT_BUSINESS","",50,"new"
"Parson's Pest Management Store","(214) 748-6690","Open Website","","STRICT_BUSINESS","",50,"new"
"Pro Tex Service Inc.","(214) 528-6151","Open Website","","STRICT_BUSINESS","",50,"new"
"Wade Electric, Inc.","(214) 631-4820","Open Website","","STRICT_BUSINESS","",50,"new"
"Dr. Edy A. Guerra - Miami","(305) 643-1444","Open Website","","STRICT_BUSINESS","",50,"new"
"JMS Developers Inc.","(855) 943-1165","Open Website","","STRICT_BUSINESS","",50,"new"
"Pizzuti Law Firm LLC","(720) 389-5282","Open Website","","STRICT_BUSINESS","",50,"new"
"72 Tree, Seed & Land Company","(678) 223-5495","Open Website","","STRICT_BUSINESS","",50,"new"
"C. Kyle Pugh, P.C.","(214) 522-4500","Open Website","","STRICT_BUSINESS","",50,"new"
"Dr. Thomas Cziao","(206) 728-1330","Open Website","","STRICT_BUSINESS","",50,"new"
"Rowe Tree Service","(770) 478-1834","Open Website","","STRICT_BUSINESS","",50,"new"
"StazOn Roofing","(214) 466-1518","Open Website","","STRICT_BUSINESS","",50,"new"
"The Law Office of Michelle Y. LeBlanc","(713) 228-5200","Open Website","","STRICT_BUSINESS","",50,"new"
"JVM Roofing DFW","(469) 258-6568","Open Website","","STRICT_BUSINESS","",50,"new"
"Paul Bunyan Tree Service","(817) 891-8733","Open Website","","STRICT_BUSINESS","",50,"new"
"Barney's Electric","(972) 771-9464","Open Website","","STRICT_BUSINESS","",50,"new"
"Champion Electrical Services","(214) 766-9860","Open Website","","STRICT_BUSINESS","",50,"new"
"Cheap Guy Tree & Stump Removal","(407) 421-7338","Open Website","","STRICT_BUSINESS","",50,"new"
"One Day Tree Service","(888) 210-2693","Open Website","","STRICT_BUSINESS","",50,"new"
"Predator Lawn & Pest Services","(407) 461-6094","Open Website","","STRICT_BUSINESS","",50,"new"
"Premiere Roofing and Carpentry","(407) 578-6893","Open Website","","STRICT_BUSINESS","",50,"new"
"Saldivar & Associates","(602) 314-1340","Open Website","","STRICT_BUSINESS","",50,"new"
"Top Roofing Inc.","(877) 353-6688","Open Website","","STRICT_BUSINESS","",50,"new"
"A Plus Tree Service","(770) 442-8838","Open Website","","STRICT_BUSINESS","",50,"new"
"Douglass Restoration, Inc.","(941) 290-6219","Open Website","","STRICT_BUSINESS","",50,"new"
"Frenkel, Hershkowitz & Shafran LLP","(212) 679-4666","Open Website","","STRICT_BUSINESS","",50,"new"
"Metro Roofing and Remodeling","(214) 570-9595","Open Website","","STRICT_BUSINESS","",50,"new"
"Priceless Home Improvements LLC","(407) 810-4942","Open Website","","STRICT_BUSINESS","",50,"new"
"Pro Service Pest Solutions, LLC","(407) 866-4548","Open Website","","STRICT_BUSINESS","",50,"new"
"Scheib Pest Solutions","(310) 562-9231","Open Website","","STRICT_BUSINESS","",50,"new"
"Scheu Electric Service - Dallas, Forth Worth","(214) 674-8417","Open Website","","STRICT_BUSINESS","",50,"new"
"Zone Pest Solutions","(770) 904-5432","Open Website","","STRICT_BUSINESS","",50,"new"
"A.T. Law Office","(832) 800-5590","Open Website","","STRICT_BUSINESS","",50,"new"
"Bal Harbour Smiles","(305) 865-0453","Open Website","","STRICT_BUSINESS","",50,"new"
"Bradley Roofing Co","(972) 480-1946","Open Website","","STRICT_BUSINESS","",50,"new"
"Dr. Seal Good Roofing","(310) 577-2069","Open Website","","STRICT_BUSINESS","",50,"new"
"Special Tree Service","(818) 800-6087","Open Website","","STRICT_BUSINESS","",50,"new"
"A&A Termite and Pest Control","(770) 578-0443","Open Website","","STRICT_BUSINESS","",50,"new"
"Brooker Law, PLLC","(214) 217-0277","Open Website","","STRICT_BUSINESS","",50,"new"
"Carroll’s Electric Inc.","(407) 767-5661","Open Website","","STRICT_BUSINESS","",50,"new"
"Discount Roofing of Nevada LLC","(702) 355-8287","Open Website","","STRICT_BUSINESS","",50,"new"
"Napoleon Tree Service","(407) 733-3172","Open Website","","STRICT_BUSINESS","",50,"new"
"NPZ Law Group","(201) 670-0006","Open Website","","STRICT_BUSINESS","",50,"new"
"Redstone Roofing","(702) 306-7078","Open Website","","STRICT_BUSINESS","",50,"new"
"Trademark Roofing","(318) 828-1105","Open Website","","STRICT_BUSINESS","",50,"new"
"PMI New Orleans","(504) 608-6054","Open Website","","STRICT_BUSINESS","",50,"new"
"iConcrete Construction","(318) 655-8422","Open Website","","STRICT_BUSINESS","",50,"new"
"Sharon Vennen","(225) 663-2112","Open Website","","STRICT_BUSINESS","",50,"new"
"SoCo Construction & Roofing","(225) 465-7577","Open Website","","STRICT_BUSINESS","",50,"new"
"Natures Best","(501) 952-4448","Open Website","","STRICT_BUSINESS","",50,"new"
"Blue Star","(888) 428-3797","Open Website","","STRICT_BUSINESS","",50,"new"
"Robertson Roofing Inc","(504) 394-7200","Open Website","","STRICT_BUSINESS","",50,"new"
"Grace Electric, LLC","(318) 683-1171","Open Website","","STRICT_BUSINESS","",50,"new"
"Raycon Contractors","(504) 442-1958","Open Website","","STRICT_BUSINESS","",50,"new"
"Blue Monkey Roofing","(337) 284-3575","Open Website","","STRICT_BUSINESS","",50,"new"
"King Electrical & Controls LLC","(337) 606-4196","Open Website","","STRICT_BUSINESS","",50,"new"
"Natalie Brasseaux, DDS","(337) 456-3925","Open Website","","STRICT_BUSINESS","",50,"new"
"Nicotri Electric, Inc.","(225) 929-9867","Open Website","","STRICT_BUSINESS","",50,"new"
"A.L.I. Home Improvement Company Inc.","(337) 837-9555","Open Website","","STRICT_BUSINESS","",50,"new"
"Ace Electric","(337) 565-2915","Open Website","","STRICT_BUSINESS","",50,"new"
"CC Construction & Roofing","(225) 250-8667","Open Website","","STRICT_BUSINESS","",50,"new"
"JEH Solar LLC","(337) 277-0037","Open Website","","STRICT_BUSINESS","",50,"new"
"Pied Piper Pest Control, Inc.","(504) 366-1333","Open Website","","STRICT_BUSINESS","",50,"new"
"The Louisiana Center for Restorative Dentistry","(225) 927-5248","Open Website","","STRICT_BUSINESS","",50,"new"
"Benoit's Roofing LLC","(337) 371-9930","Open Website","","STRICT_BUSINESS","",50,"new"
"TruGreen","(225) 465-0665","Open Website","","STRICT_BUSINESS","",50,"new"
"A&A Roofing and Construction","(225) 314-3838","Open Website","","STRICT_BUSINESS","",50,"new"
"Arceneaux Pest Management Service","(225) 791-9911","Open Website","","STRICT_BUSINESS","",50,"new"
"Patrick Guidry DDS","(225) 687-4892","Open Website","","STRICT_BUSINESS","",50,"new"
"Tufton Family Dentistry","(504) 362-5270","Open Website","","STRICT_BUSINESS","",50,"new"
"Discount One Tree Cutting , LLC","(504) 331-5861","Open Website","","STRICT_BUSINESS","",50,"new"
"Inspector 12","(866) 872-3198","Open Website","","STRICT_BUSINESS","",50,"new"
"Axis Realty Group","(504) 336-3000","Open Website","","STRICT_BUSINESS","",50,"new"
"Brittny McKay Real Estate Inc","(504) 517-5151","Open Website","","STRICT_BUSINESS","",50,"new"
"Brothers Construction Company of Baton Rouge Inc.","(225) 398-3322","Open Website","","STRICT_BUSINESS","",50,"new"
"Travis' Electrical Services","(337) 214-0010","Open Website","","STRICT_BUSINESS","",50,"new"
"Amanda Miller Realty","(504) 302-4610","Open Website","","STRICT_BUSINESS","",50,"new"
"Smart Move Real Estate","(225) 448-2850","Open Website","","STRICT_BUSINESS","",50,"new"
"Bug Stars","(504) 344-9417","Open Website","","STRICT_BUSINESS","",50,"new"
"Fox Pest Control","(225) 228-4757","Open Website","","STRICT_BUSINESS","",50,"new"
"Burns & Co. Inc","(225) 752-3100","Open Website","","STRICT_BUSINESS","",50,"new"
"V & V Roofing & Sheet Metal","(225) 753-6736","Open Website","","STRICT_BUSINESS","",50,"new"
"Brett Rector","(504) 453-2277","Open Website","","STRICT_BUSINESS","",50,"new"
"Crystal Bonin","(225) 276-7779","Open Website","","STRICT_BUSINESS","",50,"new"
"Keystone General Contracting, LLC","(318) 300-3660","Open Website","","STRICT_BUSINESS","",50,"new"
"Leo Desselle","(225) 663-2112","Open Website","","STRICT_BUSINESS","",50,"new"
"Presto-X","(866) 749-7880","Open Website","","STRICT_BUSINESS","",50,"new"
"Quality Exteriors","(318) 747-1254","Open Website","","STRICT_BUSINESS","",50,"new"
"Talbot Realty Group","(504) 525-9763","Open Website","","STRICT_BUSINESS","",50,"new"
"Tracy Mathis","(225) 268-1110","Open Website","","STRICT_BUSINESS","",50,"new"
"Brittney Pino & Associates","(225) 444-5664","Open Website","","STRICT_BUSINESS","",50,"new"
"Crescent City Living","(504) 327-5303","Open Website","","STRICT_BUSINESS","",50,"new"
"My Florida Real Estate Group","(407) 495-2502","Open Website","","STRICT_BUSINESS","",50,"new"
"EZ Roofing","(310) 704-3499","Open Website","","STRICT_BUSINESS","",50,"new"
"Nationwide Roofing","(800) 817-6002","Open Website","","STRICT_BUSINESS","",50,"new"
"Hudson's Restorations","(407) 921-4994","Open Website","","STRICT_BUSINESS","",50,"new"
"Infinity Tree Service","(469) 855-4886","Open Website","","STRICT_BUSINESS","",50,"new"
"Sam Woods","(972) 365-8896","Open Website","","STRICT_BUSINESS","",50,"new"
"Citywide Roofing","(888) 933-5939","Open Website","","STRICT_BUSINESS","",50,"new"
"PCC Roofing & Construction","(602) 529-3332","Open Website","","STRICT_BUSINESS","",50,"new"
"Sun Coast Roofing & Solar","(386) 777-7663","Open Website","","STRICT_BUSINESS","",50,"new"
"Accurate Electrical Connection Inc.","(407) 290-3330","Open Website","","STRICT_BUSINESS","",50,"new"
"Alpha Termite","(310) 844-0999","Open Website","","STRICT_BUSINESS","",50,"new"
"Eve Metlis Team","(407) 493-5225","Open Website","","STRICT_BUSINESS","",50,"new"
"Garden Green Landscaping And Tree Services Inc","(323) 550-1128","Open Website","","STRICT_BUSINESS","",50,"new"
"GBW Electric","(972) 517-4651","Open Website","","STRICT_BUSINESS","",50,"new"
"JJAM Construction Inc","(407) 339-0053","Open Website","","STRICT_BUSINESS","",50,"new"
"Jungle Tree and Debris","(321) 331-3912","Open Website","","STRICT_BUSINESS","",50,"new"
"Liberty Roofing of Central Florida, LLC","(407) 930-4600","Open Website","","STRICT_BUSINESS","",50,"new"
"Midtown Electric","(404) 713-7510","Open Website","","STRICT_BUSINESS","",50,"new"
"Mr Roland Pest Control, LLC","(407) 577-8750","Open Website","","STRICT_BUSINESS","",50,"new"
"South Florida Dentistry","(305) 227-5888","Open Website","","STRICT_BUSINESS","",50,"new"
"Superior Electricians","(678) 674-4779","Open Website","","STRICT_BUSINESS","",50,"new"
"1st National Roofing, LLC","(800) 580-2259","Open Website","","STRICT_BUSINESS","",50,"new"
"Five Star Roofing, LLC","(704) 840-2186","Open Website","","STRICT_BUSINESS","",50,"new"
"Howe Roofs","(770) 424-5540","Open Website","","STRICT_BUSINESS","",50,"new"
"Mary F. Riley, D.D.S., P.C.","(713) 622-1707","Open Website","","STRICT_BUSINESS","",50,"new"
"Power Termite Control","(213) 800-3318","Open Website","","STRICT_BUSINESS","",50,"new"
"Sunflo Roofing","(407) 564-3331","Open Website","","STRICT_BUSINESS","",50,"new"
"ERA Real Estate Foster & Bond","(404) 874-9094","Open Website","","STRICT_BUSINESS","",50,"new"
"Architects Roofing","(469) 443-6837","Open Website","","STRICT_BUSINESS","",50,"new"
"Ariat Roofing","(702) 208-4153","Open Website","","STRICT_BUSINESS","",50,"new"
"CDW Electrical Services","(407) 565-2225","Open Website","","STRICT_BUSINESS","",50,"new"
"The Warner Company","(214) 207-7725","Open Website","","STRICT_BUSINESS","",50,"new"
"CityMax Realty","(404) 556-6700","Open Website","","STRICT_BUSINESS","",50,"new"
"Parlar Realty Company","(844) 611-3136","Open Website","","STRICT_BUSINESS","",50,"new"
"Laura Anderson","(323) 646-6569","Open Website","","STRICT_BUSINESS","",50,"new"
"Bloom Legal LLC","(504) 599-9997","Open Website","","STRICT_BUSINESS","",50,"new"
"The Thrower Law Firm, LLC","(225) 250-1030","Open Website","","STRICT_BUSINESS","",50,"new"
"William Gee Personal Injury Law Firm","(337) 222-2222","Open Website","","STRICT_BUSINESS","",50,"new"
"Schmolke Law Firm","(225) 999-0521","Open Website","","STRICT_BUSINESS","",50,"new"
"Law Offices of Christopher Peck","(714) 627-5335","Open Website","","STRICT_BUSINESS","",50,"new"
"High Desert Family Law Group","(480) 240-0040","Open Website","","STRICT_BUSINESS","",50,"new"
"Ferrer Law, PA","(305) 697-2224","Open Website","","STRICT_BUSINESS","",50,"new"
"Kramer Injury Law LLC","(312) 775-1012","Open Website","","STRICT_BUSINESS","",50,"new"
"Panio Law Offices","(312) 668-7933","Open Website","","STRICT_BUSINESS","",50,"new"
"Pastor & Associates, P.C.","(248) 619-0065","Open Website","","STRICT_BUSINESS","",50,"new"
"Scardina Law, LLC","(720) 420-9068","Open Website","","STRICT_BUSINESS","",50,"new"
"The Law Office of Jeffrey G. Pollitt, P.C.","(602) 852-5577","Open Website","","STRICT_BUSINESS","",50,"new"
"W. Tyler Moore, PC","(713) 322-3950","Open Website","","STRICT_BUSINESS","",50,"new"
"CGS Waterproofing","(404) 234-0248","Open Website","","STRICT_BUSINESS","",50,"new"
"Clements","(407) 297-8820","Open Website","","STRICT_BUSINESS","",50,"new"
"Dr. Dixon San Diego Pediatric Dental Group","(858) 452-7272","Open Website","","STRICT_BUSINESS","",50,"new"
"Intown Electrical Services","(678) 580-0411","Open Website","","STRICT_BUSINESS","",50,"new"
"Zohar Law","(833) 416-9959","Open Website","","STRICT_BUSINESS","",50,"new"
"Clark von Plonski Anderson","(214) 780-0500","Open Website","","STRICT_BUSINESS","",50,"new"
"Dallas TX Roofing Pro","(972) 979-1070","Open Website","","STRICT_BUSINESS","",50,"new"
"Durafoam Roofing","(480) 941-5373","Open Website","","STRICT_BUSINESS","",50,"new"
"DW Electric","(404) 805-2894","Open Website","","STRICT_BUSINESS","",50,"new"
"Golden City Remodeling Inc","(310) 361-3271","Open Website","","STRICT_BUSINESS","",50,"new"
"Green Behr Pest Control & Termites","(407) 990-9444","Open Website","","STRICT_BUSINESS","",50,"new"
"High Top Roofing","(704) 989-3189","Open Website","","STRICT_BUSINESS","",50,"new"
"James B Polley DDS","(702) 487-9324","Open Website","","STRICT_BUSINESS","",50,"new"
"Khunkhun Law Marriage & Family Immigration","(212) 401-6222","Open Website","","STRICT_BUSINESS","",50,"new"
"Law Office Of Christine R. Thrash, PLLC","(713) 224-7777","Open Website","","STRICT_BUSINESS","",50,"new"
"Law Office of Leonard J Valdes","(305) 567-0910","Open Website","","STRICT_BUSINESS","",50,"new"
"Michael Cole, Attorney at Law","(972) 454-0392","Open Website","","STRICT_BUSINESS","",50,"new"
"On Target Pest Control","(833) 854-4728","Open Website","","STRICT_BUSINESS","",50,"new"
"Acadia Tree Care","(469) 740-0391","Open Website","","STRICT_BUSINESS","",50,"new"
"All State Roofing","(702) 248-7663","Open Website","","STRICT_BUSINESS","",50,"new"
"Bhatta Law & Associates, PLLC","(212) 729-9715","Open Website","","STRICT_BUSINESS","",50,"new"
"Collin Bryan Construction","(214) 927-5263","Open Website","","STRICT_BUSINESS","",50,"new"
"Daniels Law Firm","(346) 818-2637","Open Website","","STRICT_BUSINESS","",50,"new"
"Fidler on the Tooth","(206) 526-1437","Open Website","","STRICT_BUSINESS","",50,"new"
"Flanagan Injury Law Group LLC","(773) 789-5870","Open Website","","STRICT_BUSINESS","",50,"new"
"Geller Tamayo, LLC","(786) 785-2555","Open Website","","STRICT_BUSINESS","",50,"new"
"Law Office of M. Andrew Hamilton, P.C.","(312) 999-7890","Open Website","","STRICT_BUSINESS","",50,"new"
"Lynn Lighting Electrical","(404) 434-6289","Open Website","","STRICT_BUSINESS","",50,"new"
"Mid Florida Roofing","(407) 830-8554","Open Website","","STRICT_BUSINESS","",50,"new"
"Moritis Dentistry","(206) 682-7900","Open Website","","STRICT_BUSINESS","",50,"new"
"Myres & Associates PLLC","(713) 322-9810","Open Website","","STRICT_BUSINESS","",50,"new"
"Piasta Walker Hagenbush, LLC","(404) 996-1296","Open Website","","STRICT_BUSINESS","",50,"new"
"RC Roofing Company","(562) 923-1632","Open Website","","STRICT_BUSINESS","",50,"new"
"Riebesehl Family Law Offices","(602) 621-0779","Open Website","","STRICT_BUSINESS","",50,"new"
"Roof Top Sentinels","(704) 774-1072","Open Website","","STRICT_BUSINESS","",50,"new"
"Total Roof Services","(407) 495-4151","Open Website","","STRICT_BUSINESS","",50,"new"
"True Design Dentistry","(858) 483-3384","Open Website","","STRICT_BUSINESS","",50,"new"
"Oak Hills Dental Care","(225) 238-7980","Open Website","","STRICT_BUSINESS","",50,"new"
"Aubrey Baudean, DDS","(504) 347-1015","Open Website","","STRICT_BUSINESS","",50,"new"
"DiGiulio Utley, LLC","(504) 524-4080","Open Website","","STRICT_BUSINESS","",50,"new"
"Fisher Injury Lawyers","(225) 938-1566","Open Website","","STRICT_BUSINESS","",50,"new"
"The Mahone Firm","(504) 564-7342","Open Website","","STRICT_BUSINESS","",50,"new"
"Lakefront Dental Care","(504) 282-5557","Open Website","","STRICT_BUSINESS","",50,"new"
"Benton, Benton & Benton Law Firm","(225) 343-6611","Open Website","","STRICT_BUSINESS","",50,"new"
"Pelican Pest Control","(225) 424-2623","Open Website","","STRICT_BUSINESS","",50,"new"
"Corey M. Bergeron, DDS","(337) 332-5141","Open Website","","STRICT_BUSINESS","",50,"new"
"All Smiles Dental Center","(225) 775-3552","Open Website","","STRICT_BUSINESS","",50,"new"
"Breaux Law Firm","(504) 882-0556","Open Website","","STRICT_BUSINESS","",50,"new"
"Adrienne LaBauve","(504) 344-0877","Open Website","","STRICT_BUSINESS","",50,"new"
"Premier South","(337) 296-7083","Open Website","","STRICT_BUSINESS","",50,"new"
"Agave Dental","(602) 610-0729","Open Website","","STRICT_BUSINESS","",50,"new"
"Alto Vista Roofing Inc.","(972) 400-0298","Open Website","","STRICT_BUSINESS","",50,"new"
"Clarks Roofing, Inc.","(352) 243-5313","Open Website","","STRICT_BUSINESS","",50,"new"
"David Lundberg Building & Roofing Contractor","(407) 672-0001","Open Website","","STRICT_BUSINESS","",50,"new"
"EcoTech Roofing & Construction","(972) 922-3606","Open Website","","STRICT_BUSINESS","",50,"new"
"Fernandez Law Group","(813) 489-3222","Open Website","","STRICT_BUSINESS","",50,"new"
"Franklin D. Azar & Associates, P.C.","(855) 637-1268","Open Website","","STRICT_BUSINESS","",50,"new"
"Harbor West Lake Roofing","(818) 450-4823","Open Website","","STRICT_BUSINESS","",50,"new"
"Hassid Dental","(713) 526-2555","Open Website","","STRICT_BUSINESS","",50,"new"
"Judy Mejido DMD PA","(305) 874-0364","Open Website","","STRICT_BUSINESS","",50,"new"
"Meer Electric","(770) 993-8028","Open Website","","STRICT_BUSINESS","",50,"new"
"Mid Florida Tree Care","(407) 687-2334","Open Website","","STRICT_BUSINESS","",50,"new"
"TR Roofing LLC","(863) 557-8452","Open Website","","STRICT_BUSINESS","",50,"new"
"Allstate Exteriors","(772) 210-3685","Open Website","","STRICT_BUSINESS","",50,"new"
"Allstate Roofing And Consultants","(214) 779-0031","Open Website","","STRICT_BUSINESS","",50,"new"
"Angel Dentistry","(602) 788-2008","Open Website","","STRICT_BUSINESS","",50,"new"
"ARCM Roofing","(303) 306-8334","Open Website","","STRICT_BUSINESS","",50,"new"
"Beaver Tree Service","(407) 990-2000","Open Website","","STRICT_BUSINESS","",50,"new"
"Brenner Dental Care","(206) 258-4965","Open Website","","STRICT_BUSINESS","",50,"new"
"BrownDaniel Group","(404) 620-1662","Open Website","","STRICT_BUSINESS","",50,"new"
"Dental Design SD","(858) 490-4281","Open Website","","STRICT_BUSINESS","",50,"new"
"Elite Las Vegas Roofing","(702) 825-7726","Open Website","","STRICT_BUSINESS","",50,"new"
"Exterm Inc","(407) 704-8780","Open Website","","STRICT_BUSINESS","",50,"new"
"Fred McGill Jr","(404) 938-1450","Open Website","","STRICT_BUSINESS","",50,"new"
"Inexpensive Tree Services","(323) 833-7002","Open Website","","STRICT_BUSINESS","",50,"new"
"J. H. Heath Tree Service","(404) 261-5000","Open Website","","STRICT_BUSINESS","",50,"new"
"Kuma","(404) 839-4883","Open Website","","STRICT_BUSINESS","",50,"new"
"Law Offices of Haleh Shekarchian","(888) 449-9606","Open Website","","STRICT_BUSINESS","",50,"new"
"Luna Quality Tree Services","(407) 721-6237","Open Website","","STRICT_BUSINESS","",50,"new"
"Midtown Dentistry - Westheimer","(713) 807-9877","Open Website","","STRICT_BUSINESS","",50,"new"
"Mighty Dog Roofing South Charlotte, NC","(980) 666-4889","Open Website","","STRICT_BUSINESS","",50,"new"
"Omni Dental","(619) 224-5000","Open Website","","STRICT_BUSINESS","",50,"new"
"One Call Electric","(972) 762-9944","Open Website","","STRICT_BUSINESS","",50,"new"
"Phoenix Pediatric Dental & Orthodontics","(602) 242-5741","Open Website","","STRICT_BUSINESS","",50,"new"
"Phoenix Roofing Contractors","(602) 699-5242","Open Website","","STRICT_BUSINESS","",50,"new"
"ROC Roofing Inc","(386) 960-7004","Open Website","","STRICT_BUSINESS","",50,"new"
"Rooftoppers Inc.","(888) 722-2359","Open Website","","STRICT_BUSINESS","",50,"new"
"S &P Tree Service","(469) 789-6775","Open Website","","STRICT_BUSINESS","",50,"new"
"San Diego Dental Studio","(844) 281-6446","Open Website","","STRICT_BUSINESS","",50,"new"
"Slate Roofing & Construction","(817) 915-1738","Open Website","","STRICT_BUSINESS","",50,"new"
"Sunwest Roofing","(855) 706-4895","Open Website","","STRICT_BUSINESS","",50,"new"
"Swordsmen Roofing & Construction, LLC","(386) 960-0255","Open Website","","STRICT_BUSINESS","",50,"new"
"The Roofing Company LLC","(702) 903-4225","Open Website","","STRICT_BUSINESS","",50,"new"
"Tip Top Roofing","(407) 660-2212","Open Website","","STRICT_BUSINESS","",50,"new"
"United Roofing & General Contractors","(469) 783-8064","Open Website","","STRICT_BUSINESS","",50,"new"
"Aardvark Electric, Inc.","(404) 383-6869","Open Website","","STRICT_BUSINESS","",50,"new"
"Advantage Roofing, Inc.","(407) 678-9721","Open Website","","STRICT_BUSINESS","",50,"new"
"ALFA Pest Management","(626) 265-6783","Open Website","","STRICT_BUSINESS","",50,"new"
"All-Pro Pest Services","(404) 699-9999","Open Website","","STRICT_BUSINESS","",50,"new"
"Anthem Pest Control","(770) 462-3430","Open Website","","STRICT_BUSINESS","",50,"new"
"Apple Roofing","(602) 932-0649","Open Website","","STRICT_BUSINESS","",50,"new"
"Arnold & Itkin","(855) 499-0297","Open Website","","STRICT_BUSINESS","",50,"new"
"Atlanta Outsourced Pest Control","(678) 948-6032","Open Website","","STRICT_BUSINESS","",50,"new"
"Baja Roofing","(800) 276-6348","Open Website","","STRICT_BUSINESS","",50,"new"
"Circle G Roofing","(602) 791-6415","Open Website","","STRICT_BUSINESS","",50,"new"
"Daniel A. Allen, DDS, PC","(602) 978-0200","Open Website","","STRICT_BUSINESS","",50,"new"
"Davis & Hawbaker Real Estate Group","(770) 308-5061","Open Website","","STRICT_BUSINESS","",50,"new"
"Dynamic Roofing General Contractor LLC","(972) 737-7637","Open Website","","STRICT_BUSINESS","",50,"new"
"Enviro Safe Pest Control","(407) 580-7124","Open Website","","STRICT_BUSINESS","",50,"new"
"Ferran","(407) 422-3551","Open Website","","STRICT_BUSINESS","",50,"new"
"Fortitude Roofing","(702) 249-8417","Open Website","","STRICT_BUSINESS","",50,"new"
"G.A.G. Pest Control","(407) 249-8111","Open Website","","STRICT_BUSINESS","",50,"new"
"Handytech Termite and Pest Control Services","(818) 213-8943","Open Website","","STRICT_BUSINESS","",50,"new"
"Houston Uptown Dentists","(832) 981-5357","Open Website","","STRICT_BUSINESS","",50,"new"
"Hugo's Tree Service","(404) 449-6669","Open Website","","STRICT_BUSINESS","",50,"new"
"Infinite Pest Solutions","(407) 378-0667","Open Website","","STRICT_BUSINESS","",50,"new"
"Jim Ross Law Group, P.C.","(214) 453-2420","Open Website","","STRICT_BUSINESS","",50,"new"
"K&M Services","(214) 295-1054","Open Website","","STRICT_BUSINESS","",50,"new"
"Law Office of Rachel Einbund, PC","(212) 252-2125","Open Website","","STRICT_BUSINESS","",50,"new"
"Lightning Bug Electric","(404) 471-3847","Open Website","","STRICT_BUSINESS","",50,"new"
"Masterpiece Roofing","(720) 242-6404","Open Website","","STRICT_BUSINESS","",50,"new"
"Merlan Electrical Services","(817) 320-1724","Open Website","","STRICT_BUSINESS","",50,"new"
"Metro City Roofing","(303) 524-1000","Open Website","","STRICT_BUSINESS","",50,"new"
"Miami Modern Dental","(786) 338-9228","Open Website","","STRICT_BUSINESS","",50,"new"
"Michael's Lighting & Electric","(407) 748-6061","Open Website","","STRICT_BUSINESS","",50,"new"
"Mr. Electric of Dallas","(469) 634-0316","Open Website","","STRICT_BUSINESS","",50,"new"
"NRG Upgrade","(844) 674-8787","Open Website","","STRICT_BUSINESS","",50,"new"
"Ogborne Law","(602) 343-1435","Open Website","","STRICT_BUSINESS","",50,"new"
"Outback Roofing","(972) 930-9990","Open Website","","STRICT_BUSINESS","",50,"new"
"Premiere Roofing","(404) 477-4455","Open Website","","STRICT_BUSINESS","",50,"new"
"Prime Electric","(800) 331-9333","Open Website","","STRICT_BUSINESS","",50,"new"
"Prizant Law","(718) 407-0871","Open Website","","STRICT_BUSINESS","",50,"new"
"Rapid Rodent Removal","(469) 609-7287","Open Website","","STRICT_BUSINESS","",50,"new"
"Red Rock Dental","(702) 243-8788","Open Website","","STRICT_BUSINESS","",50,"new"
"Reign Roofing LA","(818) 746-7984","Open Website","","STRICT_BUSINESS","",50,"new"
"Reliant Roofing Services","(386) 679-6228","Open Website","","STRICT_BUSINESS","",50,"new"
"Rocky Mountain Exteriors","(303) 377-2801","Open Website","","STRICT_BUSINESS","",50,"new"
"Roofing Pro","(818) 206-0500","Open Website","","STRICT_BUSINESS","",50,"new"
"Supreme Pest Control","(214) 501-3012","Open Website","","STRICT_BUSINESS","",50,"new"
"T Mark Roofing, Inc.","(407) 574-5003","Open Website","","STRICT_BUSINESS","",50,"new"
"Tobin Injury Law","(404) 587-8423","Open Website","","STRICT_BUSINESS","",50,"new"
"Today’s Dental","(281) 580-0770","Open Website","","STRICT_BUSINESS","",50,"new"
"Top Dog Roofing","(863) 777-8094","Open Website","","STRICT_BUSINESS","",50,"new"
"Zubras Electric, Inc.","(214) 319-6900","Open Website","","STRICT_BUSINESS","",50,"new"
"1st Class Roofing, Inc.","(863) 324-4043","Open Website","","STRICT_BUSINESS","",50,"new"
"Angel Tree Service","(469) 855-5031","Open Website","","STRICT_BUSINESS","",50,"new"
"Bright Tree Service","(214) 574-8023","Open Website","","STRICT_BUSINESS","",50,"new"
"Bug You Not!","(469) 866-9566","Open Website","","STRICT_BUSINESS","",50,"new"
"Fox Pest Control","(855) 953-2002","Open Website","","STRICT_BUSINESS","",50,"new"
"Martin Roofing Services, Inc.","(407) 679-4553","Open Website","","STRICT_BUSINESS","",50,"new"
"Texas Lawn Tree","(214) 862-2169","Open Website","","STRICT_BUSINESS","",50,"new"
"The Realm Agency","(214) 814-4117","Open Website","","STRICT_BUSINESS","",50,"new"
"Trust & Estate Realty","(888) 515-0506","Open Website","","STRICT_BUSINESS","",50,"new"
"A&M Pest Control Los Angeles","(310) 601-4700","Open Website","","STRICT_BUSINESS","",50,"new"
"Alex & Alex Electrical Services","(310) 430-0257","Open Website","","STRICT_BUSINESS","",50,"new"
"All Phases Electrical Contracting Inc","(407) 275-9226","Open Website","","STRICT_BUSINESS","",50,"new"
"Big Bird Tree Service","(972) 228-8844","Open Website","","STRICT_BUSINESS","",50,"new"
"Brent King Group","(214) 352-5464","Open Website","","STRICT_BUSINESS","",50,"new"
"Craft & Bauer Real Estate Co.","(424) 200-6282","Open Website","","STRICT_BUSINESS","",50,"new"
"ElectricMan","(972) 362-1804","Open Website","","STRICT_BUSINESS","",50,"new"
"Jagger Kroener","(310) 993-6044","Open Website","","STRICT_BUSINESS","",50,"new"
"Priority Roofing","(720) 481-0531","Open Website","","STRICT_BUSINESS","",50,"new"
"Restructure Corporation","(469) 547-2607","Open Website","","STRICT_BUSINESS","",50,"new"
"Ronin Pest Control","(310) 765-0509","Open Website","","STRICT_BUSINESS","",50,"new"
"Rosanne Dorfman","(404) 200-2659","Open Website","","STRICT_BUSINESS","",50,"new"
"Scot Roof Co","(562) 986-7661","Open Website","","STRICT_BUSINESS","",50,"new"
"Solar Optimum","(800) 552-9970","Open Website","","STRICT_BUSINESS","",50,"new"
"Termio Pest Control","(888) 311-6838","Open Website","","STRICT_BUSINESS","",50,"new"
"Thomas Roofing & Repair","(407) 408-0577","Open Website","","STRICT_BUSINESS","",50,"new"
"8 to 8 Dental - Broadway","(206) 686-3828","Open Website","","STRICT_BUSINESS","",50,"new"
"A to Z Tree Removal & Trimming Service","(407) 988-0399","Open Website","","STRICT_BUSINESS","",50,"new"
"A-Lumination Electric Inc.","(407) 298-1412","Open Website","","STRICT_BUSINESS","",50,"new"
"Align Roofing Solutions","(407) 237-0351","Open Website","","STRICT_BUSINESS","",50,"new"
"Allphase Construction","(602) 923-7663","Open Website","","STRICT_BUSINESS","",50,"new"
"Altech Electric","(407) 857-7879","Open Website","","STRICT_BUSINESS","",50,"new"
"Anteater Termite & Pest Control, Inc.","(323) 870-5414","Open Website","","STRICT_BUSINESS","",50,"new"
"Atlanta Communities","(404) 905-3809","Open Website","","STRICT_BUSINESS","",50,"new"
"C and M Law Corporation","(310) 405-7111","Open Website","","STRICT_BUSINESS","",50,"new"
"Castle Roofing Group","(407) 477-2823","Open Website","","STRICT_BUSINESS","",50,"new"
"CM3 Construction Group","(214) 997-6009","Open Website","","STRICT_BUSINESS","",50,"new"
"Commercial Tree Services","(818) 810-9028","Open Website","","STRICT_BUSINESS","",50,"new"
"Community & Council Realty","(404) 600-1008","Open Website","","STRICT_BUSINESS","",50,"new"
"Dallas Tree Surgeons","(972) 633-5462","Open Website","","STRICT_BUSINESS","",50,"new"
"Electrician On Call","(214) 235-7251","Open Website","","STRICT_BUSINESS","",50,"new"
"Enviro Tree Service","(407) 574-6140","Open Website","","STRICT_BUSINESS","",50,"new"
"Express Tree Trimming","(214) 680-2447","Open Website","","STRICT_BUSINESS","",50,"new"
"Go Pro Electric Inc","(888) 355-5191","Open Website","","STRICT_BUSINESS","",50,"new"
"Harmony Dental","(702) 562-2400","Open Website","","STRICT_BUSINESS","",50,"new"
"Hexagon Construction","(818) 418-0488","Open Website","","STRICT_BUSINESS","",50,"new"
"Holly Montilla","(972) 736-7252","Open Website","","STRICT_BUSINESS","",50,"new"
"Home & Roof Replacement Inc.","(213) 364-3979","Open Website","","STRICT_BUSINESS","",50,"new"
"Jesse Scotts Tree Service","(407) 832-3942","Open Website","","STRICT_BUSINESS","",50,"new"
"LB Roofing & Construction","(404) 875-6222","Open Website","","STRICT_BUSINESS","",50,"new"
"LNN Law","(866) 646-5755","Open Website","","STRICT_BUSINESS","",50,"new"
"Midian Roofing","(803) 547-5887","Open Website","","STRICT_BUSINESS","",50,"new"
"Palmer Electric","(407) 646-8700","Open Website","","STRICT_BUSINESS","",50,"new"
"Pest Solutions","(800) 681-5141","Open Website","","STRICT_BUSINESS","",50,"new"
"Platinum Real Estate","(404) 559-0332","Open Website","","STRICT_BUSINESS","",50,"new"
"PROLEVEL ROOFING","(470) 837-5822","Open Website","","STRICT_BUSINESS","",50,"new"
"Real Estate Pros","(407) 381-7861","Open Website","","STRICT_BUSINESS","",50,"new"
"Roof Solutions","(704) 668-0707","Open Website","","STRICT_BUSINESS","",50,"new"
"Rubinsky Roofing","(833) 876-6346","Open Website","","STRICT_BUSINESS","",50,"new"
"Sam Hill Tree Care","(972) 481-9565","Open Website","","STRICT_BUSINESS","",50,"new"
"Seattle’s Family Dentistry","(206) 309-3967","Open Website","","STRICT_BUSINESS","",50,"new"
"Sunshine Roofing and Exteriors","(469) 260-5307","Open Website","","STRICT_BUSINESS","",50,"new"
"The Art of Dentistry","(619) 291-4325","Open Website","","STRICT_BUSINESS","",50,"new"
"The Wilhite Law Firm","(720) 709-2820","Open Website","","STRICT_BUSINESS","",50,"new"
"Top ORLANDO AREA Realtor Scott Garrison at Re/Max Town & Country Realty !","(321) 244-4971","Open Link","","STRICT_BUSINESS","",50,"new"
"Trujillo Tree Service","(626) 240-1799","Open Website","","STRICT_BUSINESS","",50,"new"
"Hilton & Hyland","(310) 278-3311","Open Website","","STRICT_BUSINESS","",50,"new"
"Jennie Martin","(310) 467-5999","Open Website","","STRICT_BUSINESS","",50,"new"
"VIP Realty","(214) 295-4888","Open Website","","STRICT_BUSINESS","",50,"new"
"Andy Peters","(678) 921-1470","Open Website","","STRICT_BUSINESS","",50,"new"
"B Live Commercial & Residential Real Estate","(321) 297-7264","Open Website","","STRICT_BUSINESS","",50,"new"
"Cherrington Dental","(702) 832-0804","Open Website","","STRICT_BUSINESS","",50,"new"
"Iconic Real Estate","(214) 295-2405","Open Website","","STRICT_BUSINESS","",50,"new"
"KPost Company","(469) 849-7199","Open Website","","STRICT_BUSINESS","",50,"new"
"L34 Group","(323) 788-1674","Open Website","","STRICT_BUSINESS","",50,"new"
"Pardee Properties","(310) 907-6517","Open Website","","STRICT_BUSINESS","",50,"new"
"Rentokil","(484) 669-7169","Open Website","","STRICT_BUSINESS","",50,"new"
"Sovereign Realty & Management","(404) 974-4694","Open Website","","STRICT_BUSINESS","",50,"new"
"Western Exterminator","(866) 384-7503","Open Website","","STRICT_BUSINESS","",50,"new"
"Gigi Burk","(504) 488-8600","Open Website","","STRICT_BUSINESS","",50,"new"
"David Dorman","(407) 948-8295","Open Website","","STRICT_BUSINESS","",50,"new"
"Jon Shehan","(407) 808-8743","Open Website","","STRICT_BUSINESS","",50,"new"
"Nancy Messiha","(909) 268-5238","Open Website","","STRICT_BUSINESS","",50,"new"
"The Cole Realty Group","(678) 389-9993","Open Website","","STRICT_BUSINESS","",50,"new"
